{"cameraMode":{"drawMode":0,"name":"Shaded","section":"Shading Mode"},"sceneLighting":false,"audioPlay":false,"sceneViewState":{"showFog":true,"showMaterialUpdate":false,"showSkybox":false,"showFlares":true,"showImageEffects":true,"showParticleSystems":true},"in2DMode":false,"pivot":{"x":6.4029998779296879,"y":0.16200000047683717,"z":3.434999942779541},"rotation":{"x":0.0012592246057465673,"y":0.99810791015625,"z":-0.05877036601305008,"w":0.024018308147788049},"size":0.2731757164001465,"orthographic":false}