{"cameraMode":{"drawMode":0,"name":"Shaded","section":"Shading Mode"},"sceneLighting":false,"audioPlay":false,"sceneViewState":{"showFog":true,"showMaterialUpdate":false,"showSkybox":false,"showFlares":true,"showImageEffects":true,"showParticleSystems":true},"in2DMode":false,"pivot":{"x":13.531000137329102,"y":1.7510000467300416,"z":-8.913999557495118},"rotation":{"x":0.011927193030714989,"y":0.2437710464000702,"z":-0.0030516295228153469,"w":0.9698874354362488},"size":0.19436690211296082,"orthographic":false}