{"cameraMode":{"drawMode":0,"name":"Shaded","section":"Shading Mode"},"sceneLighting":true,"audioPlay":false,"sceneViewState":{"showFog":true,"showMaterialUpdate":false,"showSkybox":true,"showFlares":true,"showImageEffects":true,"showParticleSystems":true},"in2DMode":false,"pivot":{"x":12.157206535339356,"y":1.9312903881072999,"z":-18.069902420043947},"rotation":{"x":0.11775042861700058,"y":-0.11444472521543503,"z":0.013613181188702584,"w":0.9863691329956055},"size":0.798867404460907,"orthographic":false}