{"cameraMode":{"drawMode":0,"name":"Shaded","section":"Shading Mode"},"sceneLighting":true,"audioPlay":false,"sceneViewState":{"showFog":true,"showMaterialUpdate":false,"showSkybox":true,"showFlares":true,"showImageEffects":true,"showParticleSystems":true},"in2DMode":false,"pivot":{"x":3.7149829864501955,"y":2.332920789718628,"z":2.472301959991455},"rotation":{"x":-0.4043748080730438,"y":-0.29120686650276186,"z":0.13756076991558076,"w":-0.8560319542884827},"size":7.140522480010986,"orthographic":false}